Timestamp,Portfolio,Symbol,Side,Qty,Price,Amount
2026-09-22 22:35:40.334999,Test1,ACC,BUY,1,1238.2,1238.2
2026-09-22 22:35:48.803089,Test1,ACUTAAS,BUY,1,3213.7,3213.7
2026-09-22 22:37:45.254517,Default,UBL,BUY,1,1215.2,1215.2
2026-09-22 22:37:49.241786,Default,UBL,BUY,1,1215.2,1215.2
2026-09-22 22:37:51.159031,Default,UBL,BUY,1,1215.2,1215.2
2026-09-22 22:37:52.612477,Default,UBL,BUY,1,1215.2,1215.2
2026-09-22 22:37:53.564420,Default,UBL,BUY,1,1215.2,1215.2
2026-09-22 22:37:55.073675,Default,UBL,BUY,1,1215.2,1215.2
2026-09-22 22:37:56.178638,Default,UBL,BUY,1,1215.2,1215.2
2026-09-22 22:37:58.026984,Default,UBL,BUY,1,1215.2,1215.2
2026-09-22 22:41:24.652790,Test1,UBL,BUY,1,1215.2,1215.2
2026-09-22 22:41:35.746180,Test1,EMAMILTD,BUY,1,390.0,390.0
2026-09-22 22:45:52.387510,Default,ACC,BUY,1,1238.2,1238.2
2026-09-22 22:45:54.728838,Default,ACC,BUY,1,1238.2,1238.2
2026-09-22 22:45:56.004845,Default,ACC,BUY,1,1238.2,1238.2
2026-09-22 22:45:56.352990,Default,ACC,BUY,1,1238.2,1238.2
2026-09-22 22:45:56.628058,Default,ACC,BUY,1,1238.2,1238.2
2026-09-22 22:48:27.186539,Default,UBL,BUY,3,1215.2,3645.6
2026-09-22 22:48:35.909765,Default,ACC,BUY,3,1238.2,3714.6
2026-09-22 22:53:41.397164,Test1,WELCORP,BUY,3,2731.5,8194.5
